don_number,gender,MN,M,N,HE+-,He+,Ss,S,s,Cw+-,Cw,Cc,C,c,Ee,E,e
HGDP00009,M,MN,1,1,-,0,Ss,1,1,-,0,cc,0,1,EE,1,0
HGDP00011,M,MM,1,0,-,0,s,0,1,-,0,cc,0,1,e.e,0,1
HGDP00029,M,MM,1,0,-,0,Ss,1,1,-,0,C.c,1,1,e.e,0,1
HGDP00037,M,MM,1,0,-,0,SS,1,0,-,0,C.c,1,1,E e,1,1
HGDP00045,M,NN,0,1,-,0,s,0,1,Cw,1,C.C.,1,0,e.e,0,1
HGDP00056,M,MM,1,0,-,0,SS,1,0,-,0,C.C.,1,0,e.e,0,1
HGDP00060,M,MN,1,1,-,0,s,0,1,-,0,cc,0,1,e.e,0,1
HGDP00070,M,MM,1,0,-,0,Ss,1,1,-,0,cc,0,1,e.e,0,1
HGDP00074,M,MN,1,1,-,0,Ss,1,1,-,0,C.c,1,1,e.e,0,1
HGDP00090,M,MM,1,0,-,0,SS,1,0,-,0,cc,0,1,E e,1,1
HGDP00096,M,MM,1,0,-,0,s,0,1,-,0,C.C.,1,0,e.e,0,1
HGDP00102,M,MN,1,1,-,0,Ss,1,1,-,0,cc,0,1,EE,1,0
HGDP00103,M,MN,1,1,-,0,s,0,1,Cw,1,C.C.,1,0,e.e,0,1
HGDP00105,M,MM,1,0,-,0,SS,1,0,-,0,cc,0,1,E e,1,1
HGDP00108,M,MN,1,1,-,0,Ss,1,1,-,0,C.c,1,1,E e,1,1
HGDP00111,M,MM,1,0,-,0,Ss,1,1,-,0,C.c,1,1,E e,1,1
HGDP00121,M,NN,0,1,-,0,s,0,1,-,0,C.c,1,1,E e,1,1
HGDP00130,M,NN,0,1,-,0,s,0,1,-,0,C.c,1,1,E e,1,1
HGDP00134,M,MN,1,1,-,0,s,0,1,-,0,cc,0,1,E e,1,1
HGDP00135,M,MN,1,1,-,0,s,0,1,-,0,cc,0,1,EE,1,0
HGDP00140,M,MM,1,0,-,0,SS,1,0,-,0,cc,0,1,E e,1,1
HGDP00144,M,MM,1,0,-,0,Ss,1,1,-,0,C.C.,1,0,e.e,0,1
HGDP00146,M,MM,1,0,-,0,Ss,1,1,-,0,C.C.,1,0,e.e,0,1
HGDP00148,M,MN,1,1,He+,1,SS,1,0,-,0,C.c,1,1,E e,1,1
HGDP00151,W,MM,1,0,-,0,Ss,1,1,-,0,cc,0,1,E e,1,1
HGDP00153,W,MN,1,1,-,0,s,0,1,-,0,C.c,1,1,E e,1,1
HGDP00157,W,MN,1,1,He+,1,Ss,1,1,-,0,C.c,1,1,e.e,0,1
HGDP00158,M,NN,0,1,-,0,s,0,1,-,0,C.C.,1,0,e.e,0,1
HGDP00160,M,MM,1,0,-,0,SS,1,0,-,0,cc,0,1,e.e,0,1
HGDP00175,M,MN,1,1,-,0,SS,1,0,-,0,C.c,1,1,e.e,0,1
HGDP00177,M,MN,1,1,-,0,SS,1,0,-,0,C.C.,1,0,e.e,0,1
HGDP00179,M,MM,1,0,-,0,SS,1,0,-,0,C.c,1,1,e.e,0,1
HGDP00187,M,MM,1,0,-,0,s,0,1,-,0,C.C.,1,0,e.e,0,1
HGDP00197,M,MN,1,1,-,0,Ss,1,1,Cw,1,C.C.,1,0,e.e,0,1
HGDP00208,M,MM,1,0,-,0,SS,1,0,-,0,C.c,1,1,e.e,0,1
HGDP00220,M,MM,1,0,-,0,Ss,1,1,-,0,C.c,1,1,E e,1,1
HGDP00222,M,MM,1,0,-,0,Ss,1,1,-,0,C.C.,1,0,E e,1,1
HGDP00226,M,MM,1,0,-,0,s,0,1,-,0,cc,0,1,e.e,0,1
HGDP00232,W,MM,1,0,-,0,Ss,1,1,-,0,C.C.,1,0,e.e,0,1
HGDP00237,W,NN,0,1,-,0,SS,1,0,-,0,cc,0,1,e.e,0,1
HGDP00244,W,MN,1,1,-,0,Ss,1,1,-,0,cc,0,1,EE,1,0
HGDP00254,M,MN,1,1,-,0,Ss,1,1,-,0,C.c,1,1,e.e,0,1
HGDP00285,M,MM,1,0,-,0,Ss,1,1,-,0,C.C.,1,0,e.e,0,1
HGDP00292,M,MN,1,1,-,0,s,0,1,-,0,cc,0,1,E e,1,1
HGDP00304,W,NN,0,1,-,0,s,0,1,-,0,C.C.,1,0,e.e,0,1
HGDP00307,M,MN,1,1,-,0,Ss,1,1,-,0,C.c,1,1,E e,1,1
HGDP00309,M,MN,1,1,-,0,Ss,1,1,-,0,C.c,1,1,e.e,0,1
HGDP00311,M,MM,1,0,-,0,Ss,1,1,-,0,cc,0,1,EE,1,0
HGDP00321,M,NN,0,1,-,0,s,0,1,-,0,C.C.,1,0,e.e,0,1
HGDP00382,M,MN,1,1,-,0,s,0,1,-,0,cc,0,1,E e,1,1
HGDP00448,M,MM,1,0,-,0,-,0,0,-,0,cc,0,1,e.e,0,1
HGDP00449,M,MN,1,1,He+,1,SS,1,0,-,0,cc,0,1,e.e,0,1
HGDP00450,M,MN,1,1,He+,1,SS,1,0,-,0,cc,0,1,E e,1,1
HGDP00452,M,MM,1,0,-,0,s,0,1,-,0,cc,0,1,e.e,0,1
HGDP00454,M,MM,1,0,-,0,Ss,1,1,-,0,cc,0,1,e.e,0,1
HGDP00455,M,MN,1,1,-,0,s,0,1,-,0,cc,0,1,e.e,0,1
HGDP00456,M,NN,0,1,He+,1,SS,1,0,-,0,cc,0,1,e.e,0,1
HGDP00457,M,MN,1,1,-,0,s,0,1,-,0,cc,0,1,EE,1,0
HGDP00458,M,MN,1,1,He+,1,Ss,1,1,-,0,cc,0,1,e.e,0,1
HGDP00460,M,MN,1,1,-,0,s,0,1,-,0,cc,0,1,e.e,0,1
HGDP00462,M,MN,1,1,He+,1,SS,1,0,-,0,C.c,1,1,e.e,0,1
HGDP00465,M,NN,0,1,He+,1,SS,1,0,-,0,cc,0,1,e.e,0,1
HGDP00466,M,NN,0,1,-,0,s,0,1,-,0,cc,0,1,e.e,0,1
HGDP00469,M,MM,1,0,-,0,s,0,1,-,0,cc,0,1,e.e,0,1
HGDP00470,M,MN,1,1,-,0,Ss,1,1,-,0,cc,0,1,e.e,0,1
HGDP00471,W,MN,1,1,He+,1,Ss,1,1,-,0,cc,0,1,e.e,0,1
HGDP00473,M,MM,1,0,-,0,s,0,1,-,0,cc,0,1,e.e,0,1
HGDP00474,M,NN,0,1,He+,1,SS,1,0,-,0,cc,0,1,e.e,0,1
HGDP00476,W,MN,1,1,He+,1,SS,1,0,-,0,cc,0,1,e.e,0,1
HGDP00477,M,MM,1,0,-,0,s,0,1,-,0,cc,0,1,e.e,0,1
HGDP00478,M,MM,1,0,-,0,-,0,0,-,0,cc,0,1,e.e,0,1
HGDP00479,M,NN,0,1,-,0,Ss,1,1,-,0,cc,0,1,e.e,0,1
HGDP00518,M,MN,1,1,-,0,s,0,1,-,0,cc,0,1,e.e,0,1
HGDP00522,M,MN,1,1,-,0,SS,1,0,-,0,cc,0,1,E e,1,1
HGDP00523,W,NN,0,1,-,0,s,0,1,Cw,1,C.C.,1,0,e.e,0,1
HGDP00524,W,NN,0,1,-,0,SS,1,0,-,0,cc,0,1,e.e,0,1
HGDP00526,W,MN,1,1,-,0,Ss,1,1,-,0,C.c,1,1,e.e,0,1
HGDP00527,W,MM,1,0,-,0,Ss,1,1,-,0,C.c,1,1,E e,1,1
HGDP00536,W,MN,1,1,-,0,Ss,1,1,Cw,1,C.C.,1,0,e.e,0,1
HGDP00539,W,NN,0,1,-,0,Ss,1,1,-,0,cc,0,1,E e,1,1
HGDP00563,W,MN,1,1,-,0,Ss,1,1,-,0,C.c,1,1,E e,1,1
HGDP00570,W,MN,1,1,-,0,s,0,1,-,0,C.c,1,1,e.e,0,1
HGDP00581,W,NN,0,1,-,0,Ss,1,1,-,0,C.c,1,1,e.e,0,1
HGDP00583,W,NN,0,1,-,0,SS,1,0,-,0,C.c,1,1,e.e,0,1
HGDP00587,W,MM,1,0,-,0,SS,1,0,-,0,cc,0,1,e.e,0,1
HGDP00588,M,MM,1,0,-,0,SS,1,0,-,0,C.c,1,1,e.e,0,1
HGDP00589,W,NN,0,1,-,0,SS,1,0,-,0,C.c,1,1,e.e,0,1
HGDP00598,M,MN,1,1,-,0,s,0,1,-,0,C.C.,1,0,e.e,0,1
HGDP00600,M,MM,1,0,-,0,Ss,1,1,-,0,C.c,1,1,e.e,0,1
HGDP00602,M,MM,1,0,-,0,s,0,1,-,0,C.C.,1,0,e.e,0,1
HGDP00606,W,MN,1,1,-,0,s,0,1,-,0,C.C.,1,0,e.e,0,1
HGDP00610,M,MM,1,0,-,0,Ss,1,1,-,0,cc,0,1,e.e,0,1
HGDP00612,W,MM,1,0,-,0,Ss,1,1,-,0,cc,0,1,e.e,0,1
HGDP00615,W,MN,1,1,He+,1,SS,1,0,-,0,C.C.,1,0,e.e,0,1
HGDP00616,M,MN,1,1,-,0,s,0,1,-,0,cc,0,1,E e,1,1
HGDP00618,M,MM,1,0,-,0,SS,1,0,-,0,C.c,1,1,e.e,0,1
HGDP00619,M,MM,1,0,-,0,SS,1,0,-,0,C.c,1,1,e.e,0,1
HGDP00621,M,MM,1,0,-,0,Ss,1,1,-,0,cc,0,1,e.e,0,1
HGDP00624,M,MM,1,0,-,0,s,0,1,-,0,cc,0,1,E e,1,1
HGDP00627,M,MN,1,1,-,0,Ss,1,1,-,0,C.c,1,1,E e,1,1
HGDP00628,M,MN,1,1,He+,1,Ss,1,1,-,0,cc,0,1,e.e,0,1
HGDP00629,M,MN,1,1,-,0,SS,1,0,-,0,cc,0,1,E e,1,1
HGDP00631,M,MM,1,0,-,0,s,0,1,-,0,cc,0,1,e.e,0,1
HGDP00637,W,MN,1,1,-,0,Ss,1,1,-,0,C.C.,1,0,e.e,0,1
HGDP00646,W,MN,1,1,-,0,s,0,1,-,0,cc,0,1,E e,1,1
HGDP00647,W,MM,1,0,-,0,s,0,1,-,0,cc,0,1,EE,1,0
HGDP00654,M,NN,0,1,-,0,s,0,1,-,0,C.C.,1,0,e.e,0,1
HGDP00657,W,MN,1,1,-,0,s,0,1,-,0,C.C.,1,0,e.e,0,1
HGDP00660,W,NN,0,1,-,0,s,0,1,-,0,C.c,1,1,E e,1,1
HGDP00662,M,NN,0,1,-,0,s,0,1,-,0,C.C.,1,0,e.e,0,1
HGDP00668,M,MM,1,0,-,0,SS,1,0,-,0,C.C.,1,0,E e,1,1
HGDP00673,W,MM,1,0,-,0,Ss,1,1,-,0,C.c,1,1,e.e,0,1
HGDP00677,M,NN,0,1,-,0,Ss,1,1,-,0,C.C.,1,0,e.e,0,1
HGDP00684,W,MM,1,0,-,0,s,0,1,n.a.,n.a.,cc,0,1,EE,1,0
HGDP00686,W,MM,1,0,-,0,s,0,1,-,0,C.c,1,1,E e,1,1
HGDP00688,W,MM,1,0,-,0,Ss,1,1,-,0,C.C.,1,0,E e,1,1
HGDP00693,W,NN,0,1,-,0,SS,1,0,-,0,C.c,1,1,E e,1,1
HGDP00695,W,MN,1,1,He+,1,SS,1,0,-,0,cc,0,1,e.e,0,1
HGDP00696,W,MN,1,1,He+,1,Ss,1,1,-,0,C.c,1,1,e.e,0,1
HGDP00697,W,MN,1,1,He+,1,SS,1,0,-,0,cc,0,1,e.e,0,1
HGDP00699,W,MM,1,0,-,0,SS,1,0,-,0,cc,0,1,e.e,0,1
HGDP00700,W,NN,0,1,-,0,Ss,1,1,-,0,C.C.,1,0,e.e,0,1
HGDP00704,W,MN,1,1,-,0,s,0,1,-,0,cc,0,1,EE,1,0
HGDP00705,M,MM,1,0,-,0,s,0,1,-,0,cc,0,1,EE,1,0
HGDP00706,W,MM,1,0,-,0,s,0,1,-,0,C.c,1,1,E e,1,1
HGDP00707,W,MN,1,1,-,0,s,0,1,-,0,cc,0,1,EE,1,0
HGDP00708,W,MN,1,1,-,0,s,0,1,-,0,cc,0,1,EE,1,0
HGDP00709,M,MN,1,1,-,0,s,0,1,-,0,cc,0,1,EE,1,0
HGDP00710,M,MM,1,0,-,0,s,0,1,-,0,cc,0,1,EE,1,0
HGDP00719,W,MN,1,1,-,0,s,0,1,-,0,C.c,1,1,E e,1,1
HGDP00726,M,NN,0,1,He+,1,SS,1,0,-,0,C.c,1,1,e.e,0,1
HGDP00728,W,MN,1,1,He+,1,Ss,1,1,-,0,C.c,1,1,e.e,0,1
HGDP00731,M,MN,1,1,-,0,SS,1,0,-,0,cc,0,1,e.e,0,1
HGDP00735,W,MN,1,1,-,0,Ss,1,1,-,0,C.c,1,1,E e,1,1
HGDP00738,W,MM,1,0,-,0,Ss,1,1,-,0,C.c,1,1,E e,1,1
HGDP00741,W,MN,1,1,-,0,s,0,1,-,0,cc,0,1,EE,1,0
HGDP00744,W,MM,1,0,-,0,SS,1,0,-,0,C.C.,1,0,e.e,0,1
HGDP00745,W,MN,1,1,He+,1,Ss,1,1,-,0,C.c,1,1,e.e,0,1
HGDP00746,W,MN,1,1,-,0,s,0,1,-,0,C.c,1,1,e.e,0,1
HGDP00750,M,NN,0,1,-,0,s,0,1,-,0,cc,0,1,EE,1,0
HGDP00757,M,NN,0,1,-,0,s,0,1,-,0,C.c,1,1,E e,1,1
HGDP00761,W,NN,0,1,-,0,s,0,1,-,0,C.c,1,1,E e,1,1
HGDP00762,M,MM,1,0,-,0,s,0,1,-,0,C.C.,1,0,e.e,0,1
HGDP00764,M,MM,1,0,-,0,s,0,1,-,0,cc,0,1,EE,1,0
HGDP00772,W,NN,0,1,-,0,s,0,1,-,0,C.c,1,1,E e,1,1
HGDP00779,M,MN,1,1,-,0,s,0,1,-,0,cc,0,1,EE,1,0
HGDP00789,M,NN,0,1,-,0,s,0,1,-,0,C.c,1,1,E e,1,1
HGDP00791,M,NN,0,1,-,0,s,0,1,-,0,C.C.,1,0,e.e,0,1
HGDP00793,W,MN,1,1,-,0,Ss,1,1,-,0,cc,0,1,EE,1,0
HGDP00795,M,MN,1,1,-,0,Ss,1,1,-,0,C.c,1,1,E e,1,1
HGDP00797,W,MN,1,1,-,0,Ss,1,1,-,0,C.c,1,1,E e,1,1
HGDP00798,M,MN,1,1,-,0,s,0,1,-,0,C.C.,1,0,e.e,0,1
HGDP00807,M,MN,1,1,-,0,s,0,1,-,0,C.c,1,1,E e,1,1
HGDP00812,W,MM,1,0,-,0,s,0,1,-,0,C.C.,1,0,e.e,0,1
HGDP00813,W,MN,1,1,-,0,s,0,1,-,0,C.C.,1,0,e.e,0,1
HGDP00823,M,NN,0,1,-,0,s,0,1,-,0,C.C.,1,0,e.e,0,1
HGDP00824,M,NN,0,1,-,0,s,0,1,-,0,C.c,1,1,E e,1,1
HGDP00827,W,MN,1,1,-,0,s,0,1,-,0,cc,0,1,EE,1,0
HGDP00830,W,MM,1,0,-,0,s,0,1,-,0,cc,0,1,EE,1,0
HGDP00832,W,MM,1,0,-,0,s,0,1,-,0,cc,0,1,EE,1,0
HGDP00833,W,MM,1,0,-,0,s,0,1,-,0,cc,0,1,EE,1,0
HGDP00838,W,MM,1,0,-,0,Ss,1,1,-,0,cc,0,1,EE,1,0
HGDP00843,M,MM,1,0,-,0,s,0,1,-,0,C.c,1,1,E e,1,1
HGDP00844,M,MM,1,0,-,0,s,0,1,-,0,C.c,1,1,E e,1,1
HGDP00845,M,MM,1,0,-,0,s,0,1,-,0,cc,0,1,EE,1,0
HGDP00846,W,MM,1,0,-,0,Ss,1,1,-,0,cc,0,1,EE,1,0
HGDP00847,M,MM,1,0,-,0,Ss,1,1,-,0,C.c,1,1,E e,1,1
HGDP00848,W,MM,1,0,-,0,s,0,1,-,0,cc,0,1,EE,1,0
HGDP00851,M,MM,1,0,-,0,s,0,1,-,0,cc,0,1,EE,1,0
HGDP00852,W,MM,1,0,-,0,s,0,1,-,0,cc,0,1,EE,1,0
HGDP00854,W,NN,0,1,-,0,s,0,1,-,0,C.C.,1,0,e.e,0,1
HGDP00857,W,MN,1,1,-,0,s,0,1,-,0,C.c,1,1,e.e,0,1
HGDP00861,W,MN,1,1,-,0,Ss,1,1,-,0,cc,0,1,EE,1,0
HGDP00863,W,MM,1,0,-,0,Ss,1,1,-,0,C.c,1,1,E e,1,1
HGDP00865,W,MN,1,1,-,0,s,0,1,-,0,cc,0,1,EE,1,0
HGDP00866,W,MN,1,1,-,0,s,0,1,-,0,cc,0,1,EE,1,0
HGDP00871,W,NN,0,1,-,0,s,0,1,-,0,C.c,1,1,e.e,0,1
HGDP00874,W,MM,1,0,-,0,s,0,1,-,0,cc,0,1,EE,1,0
HGDP00877,M,NN,0,1,-,0,Ss,1,1,-,0,cc,0,1,EE,1,0
HGDP00885,W,MM,1,0,-,0,Ss,1,1,-,0,C.C.,1,0,e.e,0,1
HGDP00891,M,MM,1,0,-,0,SS,1,0,Cw,1,C.C.,1,0,e.e,0,1
HGDP00893,M,MN,1,1,-,0,SS,1,0,-,0,C.C.,1,0,e.e,0,1
HGDP00896,M,NN,0,1,-,0,s,0,1,Cw,1,C.C.,1,0,e.e,0,1
HGDP00898,W,NN,0,1,-,0,s,0,1,-,0,C.c,1,1,e.e,0,1
HGDP00903,W,MN,1,1,-,0,SS,1,0,-,0,C.C.,1,0,e.e,0,1
HGDP00904,M,NN,0,1,-,0,s,0,1,-,0,cc,0,1,e.e,0,1
HGDP00906,n.a.,MN,1,1,He+,1,n.a.,n.a.,n.a.,n.a.,n.a.,cc,0,1,e.e,0,1
HGDP00908,M,MM,1,0,-,0,s,0,1,-,0,cc,0,1,E e,1,1
HGDP00909,W,MM,1,0,-,0,s,0,1,-,0,cc,0,1,e.e,0,1
HGDP00910,W,NN,0,1,-,0,s,0,1,-,0,cc,0,1,e.e,0,1
HGDP00912,M,MM,1,0,-,0,Ss,1,1,-,0,cc,0,1,EE,1,0
HGDP00916,W,NN,0,1,He+,1,Ss,1,1,-,0,cc,0,1,e.e,0,1
HGDP00921,W,MN,1,1,-,0,s,0,1,-,0,cc,0,1,e.e,0,1
HGDP00923,M,MM,1,0,-,0,s,0,1,-,0,cc,0,1,EE,1,0
HGDP00924,W,MN,1,1,-,0,s,0,1,-,0,cc,0,1,e.e,0,1
HGDP00926,W,MN,1,1,He+,1,Ss,1,1,-,0,C.c,1,1,e.e,0,1
HGDP00927,M,MN,1,1,-,0,Ss,1,1,-,0,C.c,1,1,e.e,0,1
HGDP00931,M,MN,1,1,-,0,s,0,1,-,0,cc,0,1,e.e,0,1
HGDP00936,M,MN,1,1,-,0,SS,1,0,-,0,cc,0,1,e.e,0,1
HGDP00938,W,MN,1,1,-,0,s,0,1,-,0,C.c,1,1,E e,1,1
HGDP00939,W,MN,1,1,-,0,s,0,1,-,0,cc,0,1,e.e,0,1
HGDP00940,M,NN,0,1,-,0,s,0,1,-,0,cc,0,1,e.e,0,1
HGDP00941,M,NN,0,1,-,0,Ss,1,1,-,0,cc,0,1,e.e,0,1
HGDP00942,M,MN,1,1,-,0,s,0,1,-,0,cc,0,1,e.e,0,1
HGDP00943,M,NN,0,1,-,0,Ss,1,1,-,0,cc,0,1,e.e,0,1
HGDP00944,M,NN,0,1,He+,1,Ss,1,1,-,0,cc,0,1,e.e,0,1
HGDP00945,M,MN,1,1,-,0,s,0,1,-,0,cc,0,1,EE,1,0
HGDP00948,M,MN,1,1,-,0,Ss,1,1,-,0,cc,0,1,E e,1,1
HGDP00952,M,MN,1,1,-,0,s,0,1,-,0,cc,0,1,EE,1,0
HGDP00955,W,NN,0,1,-,0,Ss,1,1,-,0,cc,0,1,EE,1,0
HGDP00957,W,MM,1,0,-,0,s,0,1,-,0,cc,0,1,EE,1,0
HGDP00959,W,MM,1,0,-,0,Ss,1,1,-,0,C.c,1,1,E e,1,1
HGDP00962,M,MN,1,1,-,0,Ss,1,1,-,0,cc,0,1,EE,1,0
HGDP00966,W,MN,1,1,-,0,s,0,1,-,0,C.c,1,1,E e,1,1
HGDP00970,W,MN,1,1,-,0,Ss,1,1,-,0,cc,0,1,EE,1,0
HGDP00976,W,MN,1,1,-,0,Ss,1,1,-,0,cc,0,1,EE,1,0
HGDP00979,W,NN,0,1,-,0,s,0,1,-,0,C.c,1,1,E e,1,1
HGDP00980,W,MN,1,1,-,0,Ss,1,1,-,0,C.c,1,1,e.e,0,1
HGDP00982,M,MN,1,1,He+,1,s,0,1,-,0,cc,0,1,e.e,0,1
HGDP00983,M,MN,1,1,He+,1,Ss,1,1,-,0,cc,0,1,e.e,0,1
HGDP00984,M,MN,1,1,He+,1,Ss,1,1,-,0,cc,0,1,e.e,0,1
HGDP00985,M,MM,1,0,-,0,s,0,1,-,0,cc,0,1,e.e,0,1
HGDP00988,M,MN,1,1,-,0,s,0,1,-,0,cc,0,1,e.e,0,1
HGDP00992,W,MM,1,0,-,0,Ss,1,1,-,0,cc,0,1,e.e,0,1
HGDP00994,M,NN,0,1,-,0,s,0,1,-,0,cc,0,1,e.e,0,1
HGDP01001,W,NN,0,1,-,0,Ss,1,1,-,0,C.C.,1,0,e.e,0,1
HGDP01004,M,MM,1,0,-,0,SS,1,0,-,0,C.C.,1,0,e.e,0,1
HGDP01005,M,MM,1,0,-,0,s,0,1,-,0,C.C.,1,0,e.e,0,1
HGDP01006,W,MN,1,1,-,0,Ss,1,1,-,0,C.c,1,1,E e,1,1
HGDP01007,W,MM,1,0,-,0,Ss,1,1,-,0,C.C.,1,0,e.e,0,1
HGDP01009,M,MN,1,1,-,0,SS,1,0,-,0,cc,0,1,EE,1,0
HGDP01010,W,NN,0,1,-,0,SS,1,0,-,0,C.c,1,1,E e,1,1
HGDP01011,W,MN,1,1,-,0,SS,1,0,-,0,C.C.,1,0,e.e,0,1
HGDP01016,W,MN,1,1,-,0,Ss,1,1,-,0,C.C.,1,0,e.e,0,1
HGDP01018,W,MN,1,1,-,0,SS,1,0,-,0,C.C.,1,0,e.e,0,1
HGDP01019,M,MN,1,1,-,0,SS,1,0,-,0,n.a.,n.a.,n.a.,E e,1,1
HGDP01021,W,MN,1,1,-,0,s,0,1,-,0,C.C.,1,0,e.e,0,1
HGDP01022,W,MN,1,1,-,0,s,0,1,-,0,C.C.,1,0,e.e,0,1
HGDP01025,M,MM,1,0,-,0,s,0,1,-,0,C.C.,1,0,e.e,0,1
HGDP01029,M,NN,0,1,-,0,s,0,1,-,0,cc,0,1,e.e,0,1
HGDP01030,M,MN,1,1,-,0,s,0,1,-,0,cc,0,1,e.e,0,1
HGDP01031,M,MN,1,1,-,0,s,0,1,-,0,cc,0,1,E e,1,1
HGDP01034,M,MN,1,1,-,0,Ss,1,1,-,0,cc,0,1,e.e,0,1
HGDP01035,M,MN,1,1,-,0,s,0,1,-,0,cc,0,1,EE,1,0
HGDP01037,M,MM,1,0,-,0,Ss,1,1,-,0,cc,0,1,EE,1,0
HGDP01039,M,MM,1,0,-,0,SS,1,0,-,0,cc,0,1,EE,1,0
HGDP01044,W,MM,1,0,-,0,Ss,1,1,-,0,C.c,1,1,EE,1,0
HGDP01046,W,MM,1,0,-,0,Ss,1,1,-,0,C.C.,1,0,E e,1,1
HGDP01050,M,MM,1,0,-,0,Ss,1,1,-,0,C.C.,1,0,e.e,0,1
HGDP01051,W,MM,1,0,-,0,Ss,1,1,-,0,cc,0,1,EE,1,0
HGDP01052,M,MM,1,0,-,0,Ss,1,1,-,0,C.c,1,1,E e,1,1
HGDP01054,W,MM,1,0,-,0,s,0,1,-,0,C.c,1,1,E e,1,1
HGDP01062,W,MM,1,0,-,0,s,0,1,-,0,C.c,1,1,e.e,0,1
HGDP01063,M,MN,1,1,-,0,s,0,1,-,0,C.c,1,1,E e,1,1
HGDP01067,M,MN,1,1,-,0,s,0,1,-,0,C.c,1,1,e.e,0,1
HGDP01078,W,MM,1,0,-,0,Ss,1,1,-,0,C.c,1,1,E e,1,1
HGDP01079,M,MN,1,1,-,0,SS,1,0,-,0,C.C.,1,0,e.e,0,1
HGDP01081,M,MN,1,1,He+,1,SS,1,0,-,0,cc,0,1,e.e,0,1
HGDP01084,W,MM,1,0,-,0,s,0,1,-,0,cc,0,1,e.e,0,1
HGDP01085,W,NN,0,1,He+,1,SS,1,0,-,0,cc,0,1,e.e,0,1
HGDP01086,M,MN,1,1,-,0,Ss,1,1,-,0,cc,0,1,e.e,0,1
HGDP01087,M,MM,1,0,-,0,s,0,1,-,0,cc,0,1,e.e,0,1
HGDP01088,M,NN,0,1,-,0,s,0,1,-,0,cc,0,1,e.e,0,1
HGDP01089,M,MM,1,0,-,0,s,0,1,-,0,cc,0,1,e.e,0,1
HGDP01090,M,MN,1,1,-,0,Ss,1,1,-,0,cc,0,1,e.e,0,1
HGDP01091,M,MN,1,1,-,0,s,0,1,-,0,cc,0,1,e.e,0,1
HGDP01092,M,MN,1,1,-,0,s,0,1,-,0,cc,0,1,EE,1,0
HGDP01093,M,MM,1,0,-,0,s,0,1,-,0,cc,0,1,e.e,0,1
HGDP01094,M,MN,1,1,-,0,Ss,1,1,-,0,cc,0,1,e.e,0,1
HGDP01095,M,MM,1,0,-,0,s,0,1,-,0,C.c,1,1,e.e,0,1
HGDP01100,M,MN,1,1,-,0,s,0,1,-,0,C.c,1,1,E e,1,1
HGDP01102,M,MM,1,0,-,0,Ss,1,1,-,0,C.C.,1,0,e.e,0,1
HGDP01153,M,MM,1,0,-,0,Ss,1,1,-,0,C.C.,1,0,e.e,0,1
HGDP01155,M,NN,0,1,-,0,Ss,1,1,-,0,cc,0,1,e.e,0,1
HGDP01162,M,MN,1,1,-,0,Ss,1,1,-,0,cc,0,1,E e,1,1
HGDP01164,M,MN,1,1,-,0,s,0,1,-,0,C.c,1,1,e.e,0,1
HGDP01167,M,MN,1,1,-,0,s,0,1,-,0,C.c,1,1,E e,1,1
HGDP01171,W,MM,1,0,-,0,s,0,1,-,0,C.C.,1,0,e.e,0,1
HGDP01180,M,MM,1,0,-,0,s,0,1,-,0,cc,0,1,EE,1,0
HGDP01185,M,MM,1,0,-,0,Ss,1,1,-,0,C.c,1,1,E e,1,1
HGDP01198,W,MM,1,0,-,0,s,0,1,-,0,cc,0,1,EE,1,0
HGDP01199,M,MM,1,0,-,0,s,0,1,-,0,cc,0,1,e.e,0,1
HGDP01200,M,MM,1,0,-,0,s,0,1,-,0,cc,0,1,e.e,0,1
HGDP01201,W,MN,1,1,He+,1,Ss,1,1,-,0,cc,0,1,e.e,0,1
HGDP01215,W,MN,1,1,-,0,s,0,1,-,0,cc,0,1,EE,1,0
HGDP01219,W,MN,1,1,-,0,s,0,1,-,0,C.c,1,1,E e,1,1
HGDP01222,W,NN,0,1,-,0,s,0,1,-,0,C.c,1,1,E e,1,1
HGDP01228,M,NN,0,1,-,0,s,0,1,-,0,C.c,1,1,e.e,0,1
HGDP01230,n.a.,MN,1,1,-,0,s,0,1,-,0,C.C.,1,0,e.e,0,1
HGDP01236,M,MN,1,1,-,0,s,0,1,-,0,C.c,1,1,EE,1,0
HGDP01237,M,NN,0,1,-,0,s,0,1,-,0,C.C.,1,0,e.e,0,1
HGDP01239,M,NN,0,1,-,0,s,0,1,-,0,C.C.,1,0,e.e,0,1
HGDP01244,M,NN,0,1,-,0,s,0,1,-,0,cc,0,1,EE,1,0
HGDP01253,M,MN,1,1,-,0,Ss,1,1,-,0,C.C.,1,0,e.e,0,1
HGDP01261,M,NN,0,1,-,0,s,0,1,-,0,cc,0,1,e.e,0,1
HGDP01262,M,MN,1,1,-,0,SS,1,0,-,0,C.c,1,1,E e,1,1
HGDP01270,W,MM,1,0,-,0,s,0,1,-,0,cc,0,1,e.e,0,1
HGDP01272,M,MN,1,1,-,0,s,0,1,-,0,C.c,1,1,e.e,0,1
HGDP01274,W,MN,1,1,He+,1,Ss,1,1,-,0,cc,0,1,EE,1,0
HGDP01275,W,MN,1,1,-,0,s,0,1,-,0,C.c,1,1,e.e,0,1
HGDP01276,W,MM,1,0,-,0,s,0,1,-,0,C.c,1,1,e.e,0,1
HGDP01279,M,MM,1,0,-,0,Ss,1,1,-,0,C.c,1,1,e.e,0,1
HGDP01283,M,MN,1,1,-,0,s,0,1,-,0,cc,0,1,E e,1,1
HGDP01285,M,MN,1,1,He+,1,Ss,1,1,-,0,cc,0,1,e.e,0,1
HGDP01286,M,NN,0,1,-,0,Ss,1,1,-,0,C.c,1,1,e.e,0,1
HGDP01305,W,MN,1,1,-,0,s,0,1,-,0,cc,0,1,EE,1,0
HGDP01343,M,NN,0,1,-,0,s,0,1,-,0,cc,0,1,EE,1,0
HGDP01350,M,MN,1,1,-,0,s,0,1,-,0,cc,0,1,EE,1,0
HGDP01359,M,MM,1,0,-,0,SS,1,0,-,0,C.C.,1,0,e.e,0,1
HGDP01366,W,MM,1,0,-,0,s,0,1,-,0,C.c,1,1,e.e,0,1
HGDP01372,M,MM,1,0,-,0,SS,1,0,-,0,cc,0,1,e.e,0,1
HGDP01373,W,NN,0,1,-,0,s,0,1,-,0,cc,0,1,e.e,0,1
HGDP01374,M,MN,1,1,-,0,Ss,1,1,-,0,C.c,1,1,e.e,0,1
HGDP01377,M,MN,1,1,-,0,Ss,1,1,-,0,cc,0,1,e.e,0,1
HGDP01385,M,MM,1,0,-,0,Ss,1,1,-,0,cc,0,1,e.e,0,1
HGDP01396,M,MM,1,0,-,0,s,0,1,-,0,cc,0,1,e.e,0,1
HGDP01398,W,MN,1,1,-,0,Ss,1,1,-,0,cc,0,1,EE,1,0
HGDP01399,W,MM,1,0,-,0,Ss,1,1,-,0,cc,0,1,E e,1,1
HGDP01402,M,MN,1,1,-,0,Ss,1,1,-,0,C.C.,1,0,e.e,0,1
HGDP01403,M,NN,0,1,-,0,s,0,1,-,0,cc,0,1,E e,1,1
HGDP01412,M,MN,1,1,-,0,Ss,1,1,-,0,cc,0,1,e.e,0,1
HGDP01414,W,MN,1,1,-,0,Ss,1,1,-,0,cc,0,1,E e,1,1
HGDP01415,M,MN,1,1,-,0,Ss,1,1,-,0,cc,0,1,e.e,0,1
HGDP01416,M,NN,0,1,-,0,s,0,1,-,0,cc,0,1,e.e,0,1
HGDP01417,M,MN,1,1,-,0,SS,1,0,-,0,cc,0,1,e.e,0,1
HGDP01419,M,MN,1,1,-,0,s,0,1,-,0,C.c,1,1,e.e,0,1
NA07345,W,MM,1,0,-,0,Ss,1,1,Cw,1,C.C.,1,0,e.e,0,1
NA10855,W,MN,1,1,-,0,Ss,1,1,-,0,cc,0,1,e.e,0,1
NA10857,M,MM,1,0,-,0,s,0,1,-,0,C.C.,1,0,e.e,0,1
NA11881,M,MM,1,0,-,0,SS,1,0,-,0,C.C.,1,0,e.e,0,1
NA12004,W,MM,1,0,-,0,SS,1,0,-,0,cc,0,1,e.e,0,1
NA12057,W,MM,1,0,-,0,SS,1,0,-,0,cc,0,1,e.e,0,1
NA12762,M,MM,1,0,-,0,Ss,1,1,-,0,cc,0,1,EE,1,0
NA12813,W,MM,1,0,-,0,s,0,1,-,0,C.c,1,1,E e,1,1
